datetime,open,high,low,close,volume
2026-03-23T12:00:00+00:00,209.85000000000002,217.32000000000002,209.85000000000002,214.66000000000003,153363
2026-03-24T12:00:00+00:00,214.66000000000003,214.66000000000003,211.16000000000003,211.77,136803
2026-03-25T12:00:00+00:00,211.77,217.52,211.77,216.22000000000003,131996
2026-03-26T12:00:00+00:00,216.22000000000003,217.4,211.63000000000002,212.16000000000003,96240
2026-03-27T12:00:00+00:00,212.16000000000003,212.16000000000003,-2572.8005,199.13,101318.06236860546
2026-03-30T12:00:00+00:00,199.13,203.67,199.13,200.82,114806
2026-03-31T12:00:00+00:00,200.82,210.16,200.82,208.25,122557
2026-04-01T12:00:00+00:00,208.25,213.46,208.03,210.31,112811
2026-04-02T12:00:00+00:00,210.31,212.06,-2562.8505,209.66,104869.62259018332
2026-04-06T12:00:00+00:00,209.66,212.8,209.03,212.58,74831
2026-04-07T12:00:00+00:00,212.58,213.84,208.95,213.57,102279
2026-04-08T12:00:00+00:00,213.57,225.81,-2552.5605,221.1,84478.02943590947
2026-04-09T12:00:00+00:00,221.1,233.68,221.1,233.36,93448
2026-04-10T12:00:00+00:00,233.36,240.32,-2534.1805,238.21,68530.26151849449
2026-04-13T12:00:00+00:00,238.21,239.89,235.63,239.75,62895
2026-04-14T12:00:00+00:00,239.75,252.05,239.75,248.9,68995
2026-04-15T12:00:00+00:00,248.9,250.19,-2525.3005,248.39,53336.35791366907
2026-04-16T12:00:00+00:00,248.39,249.82,244.04,249.45,76612
2026-04-17T12:00:00+00:00,249.45,256.05,-2518.7405,250.47,68382.63432237369
2026-04-20T12:00:00+00:00,250.47,250.47,245.22,248.07,55795
2026-04-21T12:00:00+00:00,248.07,254.82,248.07,249.69,63321
2026-04-22T12:00:00+00:00,249.69,255.81,-2520.4505,255.2,52170.06102797658
2026-04-23T12:00:00+00:00,255.2,258.66,252.91,254.92,75310
2026-04-24T12:00:00+00:00,254.92,264.26,-2513.8405,263.76,79926.6432587943
2026-04-27T12:00:00+00:00,263.76,263.76,260.23,260.86,56298
2026-04-28T12:00:00+00:00,260.86,260.89,256.48,259.63,72451
2026-04-29T12:00:00+00:00,259.63,265.76,-2508.1205,263.31,68576.4725
2026-04-30T12:00:00+00:00,263.31,273.58,256.06,264.91,90554
2026-05-01T12:00:00+00:00,264.91,273.18,-2503.6705,268.21,70036.60104011887
2026-05-04T12:00:00+00:00,268.21,275.94,268.21,271.95,80951
2026-05-05T12:00:00+00:00,271.95,278.43,271.95,273.41,61272
2026-05-06T12:00:00+00:00,273.41,277.68,-2498.4404999999997,275.02,54810.31603528801
2026-05-07T12:00:00+00:00,275.02,276.38,270.28,271.07,62308
2026-05-08T12:00:00+00:00,271.07,273.74,-2501.3005,272.49,45464.11290561565
2026-05-11T12:00:00+00:00,272.49,273.51,268.37,268.91,48857
2026-05-12T12:00:00+00:00,268.91,268.91,262.5,265.7,85828
2026-05-13T12:00:00+00:00,265.7,270.61,-2508.1205,270.03,66128.91628321211
2026-05-14T12:00:00+00:00,270.03,270.63,266.48,267.16,74527
2026-05-15T12:00:00+00:00,267.16,267.16,-2510.4805,264.2,60916.35762711865
2026-05-18T12:00:00+00:00,264.2,268.67,262.4,264.72,88510
2026-05-19T12:00:00+00:00,264.72,264.72,255.06,259.28,72335
2026-05-20T12:00:00+00:00,259.28,265.42,-2509.1605,264.91,64236.75960346964
2026-05-21T12:00:00+00:00,264.91,269.34,261.16,268.41,83144
2026-05-22T12:00:00+00:00,268.41,269.65,-2505.1304999999998,266.33,81586.74399477807
2026-05-26T12:00:00+00:00,266.33,269.08,261.94,265.16,55475
2026-05-27T12:00:00+00:00,265.16,272.28,-2503.1904999999997,271.75,71854.26110025133
2026-05-28T12:00:00+00:00,271.75,274.24,267.3,273.81,44162
2026-05-29T12:00:00+00:00,273.81,274.58,-2502.1605,270.62,49721.92234312118
2026-06-01T12:00:00+00:00,270.62,270.62,260.58,261.03,61722
2026-06-02T12:00:00+00:00,261.03,261.09,254.24,256.36,51040
2026-06-03T12:00:00+00:00,256.36,256.94,-2521.6205,250.07,54668.585727109516
2026-06-04T12:00:00+00:00,250.07,255.67,250.07,253.75,51164
2026-06-05T12:00:00+00:00,253.75,256.09,-2521.0705,245.8,81879.30566950774
2026-06-08T12:00:00+00:00,245.8,249.28,243.23,245.09,69323
2026-06-09T12:00:00+00:00,245.09,250.29,240.28,244.05,97741
2026-06-10T12:00:00+00:00,244.05,244.05,-2533.2905,237.91,112507.92643401524
2026-06-11T12:00:00+00:00,237.91,242,235.05,241.09,128543
2026-06-12T12:00:00+00:00,241.09,243.05,-2536.4905,238.4,70483.80071897467
2026-06-15T12:00:00+00:00,238.4,247.62,238.4,246.03,92589
2026-06-16T12:00:00+00:00,246.03,249.35,245.33,246,102864
2026-06-17T12:00:00+00:00,246,246,-2532.4505,237.33,118998.24353840554
2026-06-18T12:00:00+00:00,237.33,245.6,-2533.3305,244.29,109402.19155528017
2026-06-22T12:00:00+00:00,244.29,244.29,232.12,232.84,91309
2026-06-23T12:00:00+00:00,232.84,236.76,231.77,234.11,129990
2026-06-24T12:00:00+00:00,234.11,242.28,-2532.4305,234.34,160181.59086328518
2026-06-25T12:00:00+00:00,234.34,234.34,225.43,227.01,155596
2026-06-26T12:00:00+00:00,227.01,232.82,-2542.6705,230.56,143148.65656418476
2026-06-29T12:00:00+00:00,230.56,246.63,230.56,240,78806
2026-06-30T12:00:00+00:00,240,241.4,236.88,238.07,80845
2026-07-01T12:00:00+00:00,238.07,244.77,-2531.2205,241.72,107036.28979427188
2026-07-02T12:00:00+00:00,241.72,246.56,-2528.3305,242.34,139571.80273141124
2026-07-06T12:00:00+00:00,242.34,245.91,240.75,244.03,49120
2026-07-07T12:00:00+00:00,244.03,248.79,242.53,245.81,93908
2026-07-08T12:00:00+00:00,245.81,245.81,-2532.1504999999997,243.44,56984.90324659631
2026-07-09T12:00:00+00:00,243.44,247.19,238.1,246.96,48418
2026-07-10T12:00:00+00:00,246.96,250.85,-2527.7405,245.35,62306.66472473055
2026-07-13T12:00:00+00:00,245.35,249.52,242.9,247.16,89855
2026-07-14T12:00:00+00:00,247.16,248.44,243.6,247.44,61644
2026-07-15T12:00:00+00:00,247.44,256.32,-2519.5005,254.72,68057.19751565548
2026-07-16T12:00:00+00:00,254.72,257.85,247.88,249.86,73355
2026-07-17T12:00:00+00:00,249.86,250.04,-2524.6605,247.23,73318.7540677514
2026-07-20T12:00:00+00:00,247.23,252.74,246.81,250.03,64126
2026-07-21T12:00:00+00:00,250.03,250.03,246.6,247.4,45617
2026-07-22T12:00:00+00:00,247.4,248.09,-2529.0205,244.74,44946.38172854412
2026-07-23T12:00:00+00:00,244.74,244.74,231.93,233.53,75419
2026-07-24T12:00:00+00:00,233.53,234.67,231.23,232,70139
2026-07-27T12:00:00+00:00,232,235.54,-2541.2205,231.26,75841.4429223122
2026-07-28T12:00:00+00:00,231.26,232.81,227.98,230.72,103799
2026-07-29T12:00:00+00:00,230.72,232.7,-2545.4905,226.65,150871.1274373259
2026-07-30T12:00:00+00:00,226.65,239.65,226.65,235.92,84118
2026-07-31T12:00:00+00:00,235.92,273.11,235.92,271.25,91306
2026-08-03T12:00:00+00:00,271.25,286.59000000000003,271.25,283.57,70230
2026-08-04T12:00:00+00:00,283.57,283.57,275.31,276.97,94764
2026-08-05T12:00:00+00:00,276.97,282.16,-2496.1005,272.45,86161.83762578884
2026-08-06T12:00:00+00:00,272.45,275.29,270.95,272.16,46992
2026-08-07T12:00:00+00:00,272.16,278.15,272.16,274.48,51575
2026-08-10T12:00:00+00:00,274.48,280,273.45000000000005,278.06,73539
2026-08-11T12:00:00+00:00,278.06,278.42,271.22,272,37340
2026-08-12T12:00:00+00:00,272,273.09000000000003,-2504.1405,267.29,62800.7502401537
2026-08-13T12:00:00+00:00,267.29,269.4,264.56,264.96,63354
2026-08-14T12:00:00+00:00,264.96,265.66,-2509.5105,262.45,44148.296708860755
2026-08-17T12:00:00+00:00,262.45,265.36,258.22,261.19,36865
2026-08-18T12:00:00+00:00,261.19,262.01,257.61,259.3,44857
2026-08-19T12:00:00+00:00,259.3,266.24,-2509.5505,265.65,44908.40157480315
2026-08-20T12:00:00+00:00,265.65,265.65,259.32,260.25,36671
2026-08-21T12:00:00+00:00,260.25,260.93,256.9,258.38,34658
2026-08-24T12:00:00+00:00,258.38,263.19,257.93,261.93,42565
2026-08-25T12:00:00+00:00,261.93,263.68,259.7,260.97,34397
2026-08-26T12:00:00+00:00,260.97,261.77,258.11,260.22,36629
2026-08-27T12:00:00+00:00,260.22,260.22,254.89,255.98,33868
2026-08-28T12:00:00+00:00,255.98,267.4,255.98,266.3,42072
2026-08-31T12:00:00+00:00,266.3,266.3,256.99,259.96,36729
2026-09-01T12:00:00+00:00,259.96,259.96,251.82,254.82,35699
2026-09-02T12:00:00+00:00,254.82,256.08,252.89,254.76,32532
2026-09-03T12:00:00+00:00,254.76,259.39,254.76,258.78,35215
2026-09-04T12:00:00+00:00,258.78,260.88,255.15,258.36,44591
2026-09-08T12:00:00+00:00,258.36,258.36,254.62,256.73,49595
2026-09-09T12:00:00+00:00,256.73,256.73,250.53,252.37,33197
2026-09-10T12:00:00+00:00,252.37,252.9,249.46,251.78,38664
2026-09-11T12:00:00+00:00,251.78,257.47,251.78,256.74,32574
2026-09-14T12:00:00+00:00,256.74,256.74,250.57,253.28,34978
2026-09-15T12:00:00+00:00,253.28,253.28,247.09,248.47,35445
2026-09-16T12:00:00+00:00,248.47,249.1,244.18,245.76,36477
2026-09-17T12:00:00+00:00,245.76,252.59,245.76,250.96,33652
2026-09-18T12:00:00+00:00,250.96,255.25,250.96,253.44,28637
2026-09-21T12:00:00+00:00,253.44,259.36,253.44,258.37,41378
2026-09-22T12:00:00+00:00,258.21,258.76,253.6,254.85,46341
